cluster,sentence
0,The cow ate on the bed eagerly.
0,The cat slept on the water curiously.
0,The hamster hid on the mat silently.
0,The dog slept on the tree sadly.
0,The lion jumped on the grass sadly.
0,The hamster slept on the field curiously.
0,The hamster roared on the grass sadly.
0,The rat ate on the barn bravely.
0,The tiger jumped on the food eagerly.
0,The cat slept on the field happily.
0,The tiger slept on the nest calmly.
0,The parrot sat on the food quickly.
0,The hamster ran on the tree sadly.
0,The hamster rested on the mat silently.
0,The parrot slept on the nest sadly.
0,The elephant slept on the food sadly.
0,The dog hid on the field curiously.
0,The dog sat on the mat loudly.
0,The cow jumped on the food silently.
0,The rabbit ate on the tree sadly.
0,The cow roared on the water bravely.
0,The lion hid on the water sadly.
0,The parrot sat on the barn bravely.
0,The parrot rested on the cage happily.
0,The lion ran on the grass sadly.
0,The parrot rested on the water happily.
0,The lion sat on the mat curiously.
0,The parrot ate on the field curiously.
0,The tiger jumped on the barn curiously.
0,The hamster jumped on the mat quickly.
0,The elephant ran on the water curiously.
0,The lion slept on the mat calmly.
0,The hamster sat on the tree gracefully.
0,The rabbit jumped on the tree gracefully.
0,The lion hid on the bed calmly.
1,The rabbit played on the mat calmly.
1,The tiger played on the mat quickly.
0,The cow rested on the bed quickly.
0,The cow jumped on the cage curiously.
0,The dog hunted on the tree eagerly.
0,The parrot sat on the grass calmly.
1,The rabbit ran on the bed gracefully.
1,The tiger played on the water happily.
0,The hamster ran on the nest quickly.
1,The cow slept on the tree silently.
0,The cat played on the cage calmly.
0,The cat jumped on the mat happily.
0,The rat ate on the food silently.
0,The hamster jumped on the bed quickly.
0,The cow slept on the nest eagerly.
0,The hamster played on the nest loudly.
0,The lion jumped on the grass loudly.
0,The dog played on the grass bravely.
0,The dog jumped on the nest silently.
0,The cat hid on the tree bravely.
0,The cat ate on the grass gracefully.
0,The rabbit hunted on the tree eagerly.
0,The elephant hunted on the field bravely.
0,The rat slept on the barn happily.
0,The elephant hunted on the water calmly.
0,The rat hid on the nest silently.
0,The cat sat on the grass happily.
0,The rabbit sat on the barn loudly.
0,The hamster hid on the grass silently.
0,The rabbit roared on the water loudly.
0,The elephant played on the field loudly.
0,The dog jumped on the tree silently.
1,The tiger ate on the nest silently.
0,The elephant played on the barn gracefully.
0,The lion hid on the grass silently.
0,The dog slept on the water happily.
0,The rat jumped on the field silently.
0,The hamster hunted on the bed gracefully.
0,The dog slept on the cage calmly.
0,The parrot sat on the bed calmly.
0,The dog slept on the field bravely.
1,The tiger hid on the field silently.
0,The elephant jumped on the barn gracefully.
0,The dog hid on the mat happily.
0,The cow hunted on the barn quickly.
0,The parrot sat on the food curiously.
0,The rat played on the bed loudly.
0,The lion hunted on the cage happily.
0,The cat ran on the cage gracefully.
0,The rat ate on the food happily.
0,The hamster jumped on the water calmly.
0,The cat jumped on the field bravely.
0,The cow hunted on the food loudly.
0,The cat sat on the cage silently.
0,The tiger roared on the water quickly.
0,The cow sat on the grass quickly.
0,The cow ran on the mat sadly.
0,The elephant rested on the bed loudly.
0,The lion slept on the tree loudly.
0,The lion ate on the cage loudly.
0,The parrot roared on the food eagerly.
0,The lion jumped on the tree bravely.
0,The hamster played on the water loudly.
0,The dog hid on the nest bravely.
0,The tiger hid on the cage gracefully.
0,The rat sat on the bed curiously.
0,The elephant hunted on the field bravely.
0,The hamster ate on the nest quickly.
0,The elephant hid on the mat silently.
0,The rabbit rested on the water gracefully.
0,The rat rested on the food happily.
0,The rabbit hunted on the grass bravely.
0,The rabbit rested on the tree eagerly.
0,The tiger hunted on the cage curiously.
0,The elephant slept on the cage eagerly.
0,The parrot jumped on the water quickly.
0,The cat hid on the grass calmly.
0,The dog hid on the water eagerly.
1,The cow played on the bed eagerly.
0,The cat hid on the cage silently.
0,The parrot ate on the cage happily.
0,The lion slept on the cage gracefully.
0,The lion ran on the water calmly.
0,The lion sat on the water curiously.
0,The elephant hid on the food quickly.
1,The tiger played on the mat curiously.
0,The dog roared on the grass eagerly.
0,The elephant ate on the grass eagerly.
0,The cat ran on the tree happily.
0,The parrot ran on the tree eagerly.
0,The rabbit rested on the barn sadly.
1,The hamster jumped on the bed silently.
0,The hamster roared on the cage eagerly.
0,The dog sat on the tree bravely.
1,The tiger played on the field silently.
0,The cow hid on the water silently.
0,The elephant hid on the food silently.
0,The rabbit ate on the nest sadly.
0,The rat slept on the grass bravely.
0,The cow played on the barn gracefully.
0,The rat played on the grass happily.
0,The lion roared on the bed quickly.
0,The parrot ran on the field quickly.
0,The cat slept on the grass curiously.
0,The lion slept on the field eagerly.
0,The hamster sat on the food quickly.
0,The rabbit played on the tree loudly.
0,The cow ate on the nest silently.
0,The dog hid on the mat silently.
0,The parrot jumped on the grass eagerly.
0,The cat sat on the cage happily.
0,The rat ate on the food loudly.
0,The cow roared on the field loudly.
0,The rabbit sat on the grass gracefully.
0,The cow hid on the water eagerly.
0,The parrot roared on the barn curiously.
0,The hamster ran on the grass silently.
0,The cow rested on the tree gracefully.
0,The lion ran on the cage happily.
0,The hamster sat on the food quickly.
0,The rat sat on the field curiously.
0,The cow jumped on the mat bravely.
0,The cow rested on the grass silently.
0,The parrot ran on the field eagerly.
0,The elephant sat on the cage calmly.
0,The hamster ran on the bed sadly.
0,The hamster roared on the water bravely.
0,The parrot jumped on the barn quickly.
1,The elephant played on the mat silently.
0,The rat roared on the grass silently.
0,The elephant hunted on the grass gracefully.
1,The cat ran on the field silently.
0,The hamster ate on the bed happily.
0,The tiger hid on the cage bravely.
0,The lion jumped on the nest loudly.
0,The rat jumped on the mat loudly.
0,The lion roared on the cage bravely.
0,The cow ran on the water happily.
0,The rat played on the cage quickly.
0,The rabbit sat on the mat calmly.
0,The cow jumped on the food quickly.
0,The elephant ate on the barn happily.
0,The rat played on the nest gracefully.
0,The lion played on the tree loudly.
0,The elephant roared on the food sadly.
0,The rabbit hunted on the bed eagerly.
0,The hamster rested on the food loudly.
0,The rabbit rested on the tree happily.
0,The tiger roared on the barn loudly.
0,The elephant played on the food sadly.
0,The cow ate on the food loudly.
0,The dog roared on the bed sadly.
0,The tiger roared on the tree bravely.
0,The hamster hunted on the field curiously.
0,The cow played on the food loudly.
1,The elephant played on the bed happily.
0,The rat slept on the water quickly.
0,The tiger rested on the water calmly.
0,The elephant hunted on the mat sadly.
0,The lion roared on the nest loudly.
0,The dog sat on the food gracefully.
1,The cow played on the water happily.
0,The dog slept on the barn curiously.
1,The cat slept on the food silently.
0,The rat slept on the nest bravely.
0,The hamster slept on the water silently.
1,The lion played on the barn silently.
0,The tiger ate on the grass happily.
0,The rabbit slept on the nest happily.
0,The dog ate on the cage calmly.
0,The tiger played on the cage quickly.
0,The elephant slept on the tree bravely.
0,The elephant ate on the nest curiously.
0,The hamster hunted on the grass gracefully.
0,The parrot hid on the water happily.
0,The tiger roared on the cage eagerly.
0,The elephant played on the field loudly.
0,The parrot played on the grass gracefully.
0,The cat hunted on the cage curiously.
0,The rabbit ate on the food curiously.
0,The parrot jumped on the barn quickly.
0,The tiger hid on the food eagerly.
1,The elephant hunted on the bed sadly.
0,The rat roared on the cage gracefully.
0,The rat hid on the food bravely.
0,The rabbit jumped on the cage sadly.
0,The cat slept on the water happily.
1,The tiger ran on the bed silently.
0,The elephant ate on the cage happily.
0,The dog roared on the tree calmly.
0,The cat roared on the cage loudly.
0,The cow ran on the water sadly.
0,The dog ate on the mat sadly.
0,The dog hid on the water loudly.
0,The cow rested on the tree loudly.
0,The cat roared on the field bravely.
0,The rat ran on the tree bravely.
1,The rabbit played on the bed curiously.
0,The cow sat on the water gracefully.
0,The dog hunted on the bed eagerly.
0,The tiger sat on the field sadly.
0,The tiger slept on the nest bravely.
1,The rabbit roared on the field silently.
0,The rabbit hid on the water bravely.
0,The dog slept on the food gracefully.
0,The cat roared on the field eagerly.
0,The dog rested on the food loudly.
0,The lion hid on the bed happily.
0,The parrot hunted on the barn loudly.
0,The cow sat on the barn eagerly.
0,The elephant roared on the tree calmly.
0,The hamster ate on the barn bravely.
1,The cow played on the bed sadly.
0,The elephant hunted on the tree quickly.
0,The dog jumped on the cage curiously.
0,The tiger hid on the mat happily.
1,The rabbit hunted on the water silently.
0,The hamster roared on the bed curiously.
0,The cat sat on the food curiously.
0,The dog hid on the barn bravely.
0,The lion slept on the grass quickly.
0,The hamster slept on the water sadly.
0,The lion hunted on the nest quickly.
0,The parrot ran on the mat gracefully.
0,The tiger rested on the mat happily.
0,The elephant ran on the grass eagerly.
0,The dog rested on the mat sadly.
0,The parrot played on the barn calmly.
0,The dog hunted on the mat calmly.
0,The lion slept on the mat eagerly.
0,The cow hid on the grass loudly.
0,The rat hunted on the field quickly.
0,The hamster ate on the water eagerly.
0,The hamster hid on the mat gracefully.
0,The elephant hid on the grass silently.
0,The elephant hunted on the cage bravely.
0,The rabbit ran on the nest eagerly.
0,The dog hid on the barn eagerly.
0,The rabbit slept on the field calmly.
0,The hamster hid on the mat gracefully.
0,The rabbit roared on the nest loudly.
0,The rat rested on the barn happily.
0,The hamster rested on the field eagerly.
0,The hamster played on the water bravely.
1,The rabbit hunted on the bed sadly.
0,The elephant hid on the nest bravely.
0,The dog roared on the bed gracefully.
0,The elephant ran on the bed eagerly.
0,The cow hid on the field quickly.
0,The elephant roared on the nest sadly.
0,The parrot roared on the barn curiously.
0,The rat sat on the nest happily.
0,The hamster ran on the field eagerly.
0,The dog roared on the barn sadly.
0,The hamster roared on the cage curiously.
0,The cat ate on the field curiously.
0,The lion rested on the grass silently.
0,The rabbit hunted on the food bravely.
0,The cat ran on the field sadly.
0,The rabbit sat on the water quickly.
0,The rabbit sat on the nest curiously.
1,The cow played on the tree calmly.
0,The cat sat on the cage gracefully.
0,The dog ate on the mat happily.
0,The lion roared on the bed happily.
0,The rat ran on the water calmly.
0,The lion roared on the food happily.
0,The rat sat on the grass calmly.
0,The elephant ran on the food happily.
0,The dog rested on the food bravely.
0,The cat rested on the cage silently.
0,The elephant hunted on the grass gracefully.
0,The rabbit roared on the mat loudly.
1,The tiger ate on the water calmly.
0,The cow roared on the nest silently.
0,The cat ate on the water happily.
0,The rabbit slept on the barn bravely.
0,The cow ate on the water calmly.
0,The elephant slept on the cage eagerly.
0,The lion slept on the mat silently.
0,The cat ate on the nest eagerly.
0,The dog rested on the cage bravely.
0,The hamster sat on the cage bravely.
0,The parrot played on the bed loudly.
0,The rat hid on the field happily.
0,The elephant hunted on the water curiously.
0,The rabbit slept on the grass calmly.
0,The tiger hid on the nest eagerly.
0,The parrot hid on the cage sadly.
1,The rabbit rested on the food silently.
0,The elephant sat on the cage sadly.
0,The lion sat on the water sadly.
0,The cat hid on the water silently.
0,The dog slept on the mat curiously.
0,The hamster ran on the barn loudly.
0,The cat played on the water curiously.
0,The cat roared on the cage silently.
0,The lion sat on the field sadly.
0,The cow hunted on the nest curiously.
0,The hamster roared on the field bravely.
0,The cat hid on the water eagerly.
0,The dog roared on the field happily.
0,The cat ate on the cage bravely.
0,The dog ran on the cage calmly.
0,The lion rested on the mat silently.
0,The cat sat on the grass silently.
0,The rat slept on the barn sadly.
0,The lion slept on the nest gracefully.
0,The elephant hid on the field silently.
0,The dog roared on the nest curiously.
0,The parrot jumped on the bed silently.
0,The hamster slept on the bed eagerly.
0,The rabbit rested on the water loudly.
0,The cow rested on the grass silently.
0,The lion hid on the field happily.
0,The dog roared on the mat loudly.
0,The cow hunted on the field bravely.
0,The rabbit jumped on the bed happily.
1,The tiger hunted on the bed quickly.
0,The cow roared on the food calmly.
0,The cat roared on the nest bravely.
0,The cow jumped on the tree loudly.
0,The cat jumped on the water bravely.
0,The cat hid on the food gracefully.
0,The rabbit hunted on the nest curiously.
0,The lion ran on the nest sadly.
0,The parrot hid on the field calmly.
0,The dog hunted on the grass curiously.
0,The rabbit ate on the barn calmly.
0,The cow slept on the barn quickly.
1,The hamster played on the bed curiously.
0,The rabbit roared on the tree eagerly.
0,The lion hunted on the bed happily.
0,The lion ate on the mat eagerly.
0,The parrot roared on the field happily.
0,The cow played on the tree eagerly.
0,The cat rested on the barn bravely.
1,The tiger played on the barn happily.
0,The cat jumped on the mat quickly.
0,The dog ate on the grass silently.
0,The cow played on the cage loudly.
1,The tiger played on the field calmly.
0,The tiger hid on the barn loudly.
0,The elephant ran on the food curiously.
0,The tiger ran on the mat bravely.
0,The tiger played on the mat loudly.
0,The rat hunted on the tree gracefully.
0,The elephant hid on the tree silently.
0,The dog hid on the water loudly.
0,The rat slept on the grass happily.
0,The tiger roared on the barn curiously.
1,The cow ran on the bed happily.
0,The cow slept on the cage sadly.
0,The elephant ran on the nest happily.
0,The tiger ran on the cage quickly.
0,The lion hid on the mat sadly.
0,The hamster hunted on the cage bravely.
0,The cow slept on the field loudly.
0,The rabbit roared on the grass happily.
0,The lion played on the grass happily.
0,The rabbit sat on the barn gracefully.
0,The lion roared on the barn curiously.
0,The rat hunted on the food gracefully.
0,The rat slept on the mat bravely.
0,The tiger played on the field eagerly.
0,The elephant sat on the barn eagerly.
0,The cow rested on the nest curiously.
0,The elephant hid on the barn calmly.
0,The hamster roared on the water curiously.
0,The rat ran on the cage silently.
0,The rabbit ran on the water calmly.
1,The tiger ran on the bed happily.
0,The parrot slept on the cage calmly.
0,The lion slept on the food sadly.
0,The dog rested on the bed eagerly.
0,The cat roared on the field sadly.
1,The tiger hunted on the barn silently.
0,The hamster hid on the bed bravely.
0,The parrot slept on the field eagerly.
0,The parrot rested on the bed quickly.
0,The rat sat on the bed bravely.
0,The parrot ran on the tree calmly.
0,The lion played on the mat happily.
0,The cat ran on the food curiously.
0,The hamster slept on the food eagerly.
0,The hamster ran on the field sadly.
0,The lion slept on the nest loudly.
0,The lion roared on the food quickly.
1,The cow played on the tree calmly.
0,The cat rested on the water loudly.
1,The elephant roared on the bed silently.
0,The rabbit sat on the nest eagerly.
0,The tiger rested on the barn eagerly.
0,The hamster jumped on the field calmly.
0,The rabbit jumped on the cage eagerly.
0,The lion jumped on the water bravely.
0,The lion jumped on the mat silently.
0,The elephant hunted on the water happily.
0,The rat played on the tree happily.
0,The elephant hid on the tree happily.
0,The cat sat on the grass eagerly.
0,The cow rested on the cage curiously.
0,The cat slept on the grass quickly.
0,The hamster roared on the mat loudly.
0,The parrot played on the tree gracefully.
0,The parrot jumped on the tree happily.
0,The cat played on the food quickly.
0,The parrot rested on the mat loudly.
0,The cow slept on the food happily.
0,The parrot played on the field calmly.
0,The cow roared on the field quickly.
0,The hamster hid on the bed eagerly.
0,The rabbit ran on the food calmly.
0,The dog rested on the food calmly.
0,The tiger hunted on the tree curiously.
0,The hamster jumped on the bed calmly.
0,The cow slept on the field curiously.
0,The dog sat on the nest eagerly.
0,The cow rested on the water happily.
0,The rabbit slept on the cage bravely.
1,The rabbit played on the field sadly.
0,The lion played on the water bravely.
1,The elephant played on the nest silently.
0,The parrot hunted on the bed sadly.
0,The elephant played on the water sadly.
0,The lion slept on the tree loudly.
0,The hamster ran on the water happily.
0,The elephant jumped on the mat gracefully.
0,The tiger roared on the mat eagerly.
0,The hamster ran on the cage eagerly.
0,The hamster ran on the food sadly.
0,The rat roared on the bed happily.
0,The tiger roared on the cage bravely.
1,The rabbit slept on the bed curiously.
0,The rat slept on the grass sadly.
0,The lion hunted on the field sadly.
0,The tiger roared on the tree bravely.
0,The cow ran on the barn bravely.
0,The elephant jumped on the tree eagerly.
0,The hamster ran on the cage happily.
0,The cow sat on the barn happily.
0,The cat ran on the mat sadly.
1,The tiger played on the water eagerly.
0,The cat slept on the mat curiously.
1,The elephant rested on the mat silently.
0,The tiger ate on the food curiously.
0,The hamster rested on the nest gracefully.
0,The tiger jumped on the mat happily.
0,The cat ate on the water loudly.
0,The lion slept on the field happily.
0,The hamster ran on the grass curiously.
0,The rat hunted on the grass eagerly.
0,The rat ate on the mat silently.
0,The dog rested on the barn sadly.
0,The parrot hunted on the field happily.
0,The rabbit hunted on the mat curiously.
1,The cat played on the bed gracefully.
0,The rat rested on the food eagerly.
0,The hamster rested on the cage quickly.
0,The dog roared on the field happily.
0,The rat sat on the bed sadly.
0,The cow rested on the bed loudly.
1,The rabbit played on the barn silently.
0,The cow slept on the barn gracefully.
0,The hamster ran on the mat silently.
0,The cup was bought in the floor quickly.
1,The table was moved in the wall sadly.
1,The home was moved in the room curiously.
1,The lamp was cleaned in the room happily.
1,The cup was bought in the wall calmly.
1,The bed opened in the kitchen loudly.
1,The door was cleaned in the corner eagerly.
0,The home opened in the hall gracefully.
1,The sofa was moved in the wall loudly.
1,The cupboard was painted in the room silently.
1,The home was sold in the drawer silently.
1,The cup was painted in the room loudly.
1,The bed opened in the living room happily.
1,The window was painted in the balcony silently.
0,The chair was bought in the shelf loudly.
1,The bed closed in the wall calmly.
1,The chair was cleaned in the shelf gracefully.
0,The home opened in the floor gracefully.
0,The window stood in the balcony loudly.
1,The lamp was sold in the hall gracefully.
0,The door stood in the kitchen quickly.
1,The cupboard was moved in the balcony loudly.
1,The cupboard was moved in the wall gracefully.
1,The bed was cleaned in the corner silently.
0,The cup stood in the floor calmly.
1,The chair was sold in the drawer loudly.
1,The home was sold in the shelf happily.
1,The bed stood in the floor silently.
1,The window was cleaned in the wall calmly.
1,The table was sold in the kitchen gracefully.
0,The cup was fixed in the corner eagerly.
1,The cup was bought in the wall calmly.
0,The lamp stood in the shelf happily.
1,The window was moved in the living room gracefully.
1,The lamp was moved in the wall gracefully.
1,The sofa was cleaned in the hall calmly.
1,The door was moved in the room happily.
1,The bed was fixed in the floor sadly.
1,The table was fixed in the corner quickly.
0,The cup opened in the shelf eagerly.
1,The chair was painted in the kitchen eagerly.
1,The cup was cleaned in the balcony quickly.
1,The window was fixed in the living room eagerly.
1,The sofa was painted in the wall quickly.
1,The sofa opened in the room bravely.
1,The door was sold in the corner quickly.
1,The lamp was sold in the kitchen sadly.
1,The table was fixed in the hall silently.
1,The window was moved in the balcony eagerly.
1,The table was moved in the floor silently.
0,The sofa stood in the living room eagerly.
1,The cupboard was bought in the kitchen eagerly.
1,The home was cleaned in the wall silently.
1,The table was used in the wall silently.
0,The table opened in the living room quickly.
1,The window was moved in the floor bravely.
1,The home was fixed in the corner loudly.
1,The cupboard was bought in the wall quickly.
1,The chair was bought in the kitchen quickly.
1,The door stood in the living room silently.
1,The chair was used in the living room silently.
1,The chair was painted in the balcony calmly.
0,The home opened in the kitchen gracefully.
0,The cup opened in the wall loudly.
1,The chair was fixed in the shelf calmly.
1,The bed was sold in the living room bravely.
1,The table was used in the shelf eagerly.
1,The home was used in the corner bravely.
1,The cupboard was used in the drawer calmly.
1,The chair was bought in the hall happily.
1,The sofa was sold in the room happily.
0,The cupboard opened in the corner quickly.
1,The cupboard was cleaned in the drawer quickly.
0,The table closed in the balcony quickly.
1,The sofa was used in the corner silently.
1,The cup stood in the drawer silently.
1,The window was used in the balcony curiously.
1,The window was bought in the living room curiously.
1,The bed closed in the corner quickly.
1,The home was moved in the balcony calmly.
1,The home closed in the kitchen quickly.
0,The cupboard closed in the drawer eagerly.
1,The door was fixed in the corner quickly.
1,The door closed in the wall silently.
1,The sofa was fixed in the wall calmly.
1,The chair was fixed in the wall quickly.
1,The lamp was moved in the room quickly.
1,The window was sold in the shelf silently.
1,The sofa was painted in the room happily.
1,The bed stood in the wall loudly.
1,The door was bought in the wall gracefully.
1,The door was painted in the room loudly.
0,The table opened in the balcony curiously.
1,The home was sold in the wall happily.
0,The chair stood in the kitchen eagerly.
0,The window opened in the floor gracefully.
1,The cupboard was painted in the living room eagerly.
1,The sofa closed in the wall bravely.
0,The door was painted in the corner loudly.
1,The sofa was painted in the living room silently.
1,The window was used in the living room silently.
0,The cupboard stood in the shelf bravely.
1,The home was painted in the room eagerly.
1,The door was sold in the living room sadly.
1,The table was moved in the drawer loudly.
0,The table closed in the corner happily.
1,The chair was fixed in the hall curiously.
0,The table opened in the wall curiously.
1,The table was sold in the room bravely.
0,The cupboard opened in the balcony calmly.
1,The door closed in the balcony calmly.
0,The cup stood in the floor sadly.
1,The door was moved in the floor sadly.
1,The sofa was moved in the corner curiously.
1,The table opened in the wall silently.
1,The door stood in the balcony silently.
1,The bed stood in the living room loudly.
1,The chair was cleaned in the hall eagerly.
1,The door was sold in the floor curiously.
1,The door was fixed in the corner happily.
1,The lamp stood in the room gracefully.
0,The cupboard opened in the drawer bravely.
1,The bed was used in the balcony bravely.
1,The sofa was moved in the floor happily.
1,The lamp opened in the wall happily.
1,The cup was bought in the wall loudly.
0,The door was fixed in the shelf loudly.
1,The window opened in the wall sadly.
1,The door was sold in the corner sadly.
0,The table opened in the balcony happily.
1,The lamp closed in the balcony silently.
0,The table opened in the corner calmly.
0,The cup stood in the shelf curiously.
0,The cup closed in the wall curiously.
1,The window was sold in the hall curiously.
1,The lamp stood in the living room bravely.
1,The lamp was cleaned in the floor calmly.
1,The window was fixed in the room happily.
1,The cup was cleaned in the room happily.
1,The table was cleaned in the living room quickly.
0,The home opened in the hall calmly.
1,The cupboard was moved in the corner curiously.
1,The door was painted in the corner silently.
0,The cup opened in the corner bravely.
0,The chair was bought in the floor quickly.
0,The door stood in the drawer happily.
1,The cup was painted in the living room happily.
1,The door was bought in the corner calmly.
1,The sofa was painted in the room silently.
0,The home stood in the drawer loudly.
1,The lamp was sold in the floor bravely.
1,The home was cleaned in the floor quickly.
1,The home was moved in the shelf silently.
1,The bed was sold in the floor happily.
0,The door stood in the corner calmly.
1,The bed was sold in the balcony sadly.
1,The chair closed in the room calmly.
1,The table was cleaned in the floor sadly.
1,The window was painted in the room sadly.
1,The table was painted in the balcony bravely.
1,The chair stood in the living room eagerly.
1,The door was used in the drawer calmly.
0,The home opened in the corner eagerly.
1,The home was fixed in the drawer loudly.
1,The cupboard was painted in the corner calmly.
1,The chair was cleaned in the floor gracefully.
1,The bed was painted in the floor curiously.
1,The sofa was moved in the wall quickly.
1,The home was fixed in the wall calmly.
1,The cupboard was used in the floor calmly.
1,The cupboard was painted in the hall gracefully.
1,The window was bought in the hall curiously.
1,The sofa was moved in the kitchen bravely.
1,The bed was moved in the living room calmly.
0,The lamp stood in the shelf happily.
0,The sofa opened in the shelf sadly.
1,The window was used in the hall bravely.
1,The window was bought in the living room eagerly.
1,The table was used in the room quickly.
1,The chair was moved in the corner loudly.
0,The cupboard closed in the floor sadly.
0,The cup was fixed in the floor calmly.
0,The door opened in the wall sadly.
1,The cup was sold in the balcony sadly.
1,The home closed in the balcony sadly.
1,The door was cleaned in the kitchen silently.
1,The home closed in the kitchen sadly.
1,The sofa was cleaned in the balcony quickly.
0,The sofa closed in the floor sadly.
1,The cupboard was used in the wall curiously.
0,The chair opened in the kitchen happily.
0,The sofa opened in the corner quickly.
1,The bed opened in the corner curiously.
0,The door opened in the floor bravely.
0,The cup closed in the living room happily.
1,The bed was cleaned in the drawer gracefully.
1,The table was moved in the hall sadly.
1,The window was moved in the corner calmly.
1,The chair closed in the living room calmly.
1,The door was painted in the hall happily.
1,The door was fixed in the room happily.
1,The cup was bought in the room curiously.
0,The cup opened in the kitchen calmly.
1,The sofa was used in the kitchen sadly.
0,The home stood in the drawer quickly.
1,The door was used in the room sadly.
1,The chair was moved in the corner curiously.
1,The bed was painted in the wall eagerly.
1,The chair was sold in the drawer silently.
1,The cup was cleaned in the kitchen loudly.
1,The door was moved in the drawer curiously.
0,The chair stood in the kitchen loudly.
0,The cupboard stood in the balcony loudly.
1,The window was moved in the shelf quickly.
1,The cupboard was fixed in the corner sadly.
1,The cupboard closed in the balcony happily.
1,The table was cleaned in the room eagerly.
1,The cupboard was painted in the kitchen quickly.
0,The door stood in the living room quickly.
0,The chair opened in the corner calmly.
1,The home opened in the room bravely.
1,The window was painted in the hall happily.
1,The chair was cleaned in the room silently.
1,The door was sold in the shelf calmly.
1,The cupboard closed in the wall silently.
1,The sofa was bought in the living room bravely.
1,The lamp stood in the balcony quickly.
1,The bed stood in the kitchen curiously.
0,The chair was bought in the shelf gracefully.
1,The home was cleaned in the corner happily.
1,The table was sold in the floor sadly.
1,The table was cleaned in the wall silently.
1,The home was painted in the wall quickly.
1,The lamp was cleaned in the room eagerly.
0,The cupboard closed in the living room loudly.
0,The cup was sold in the corner loudly.
1,The window was moved in the corner eagerly.
1,The table closed in the living room eagerly.
1,The cup was bought in the room calmly.
1,The chair was fixed in the hall silently.
1,The window was cleaned in the drawer calmly.
1,The door was cleaned in the hall calmly.
1,The lamp was fixed in the drawer happily.
1,The cup was moved in the room quickly.
1,The bed was bought in the shelf silently.
1,The door closed in the wall happily.
1,The chair was cleaned in the room silently.
1,The bed was sold in the hall eagerly.
1,The table was fixed in the drawer quickly.
1,The cup was fixed in the wall curiously.
1,The door was moved in the kitchen eagerly.
0,The table opened in the kitchen loudly.
1,The lamp was fixed in the living room eagerly.
0,The sofa stood in the living room gracefully.
1,The bed was painted in the living room loudly.
1,The lamp stood in the living room calmly.
1,The door stood in the living room silently.
1,The bed was moved in the living room happily.
1,The chair was fixed in the balcony calmly.
1,The window was sold in the corner bravely.
1,The window opened in the room bravely.
1,The lamp was moved in the wall quickly.
1,The bed was used in the corner calmly.
1,The lamp was painted in the room quickly.
1,The home was fixed in the wall loudly.
1,The door was cleaned in the balcony bravely.
1,The window closed in the hall happily.
1,The home opened in the balcony happily.
1,The sofa was used in the wall loudly.
1,The cupboard was cleaned in the shelf bravely.
1,The bed stood in the drawer sadly.
0,The chair opened in the shelf eagerly.
1,The window was sold in the wall loudly.
1,The home was bought in the wall loudly.
1,The table was bought in the balcony gracefully.
0,The sofa was bought in the corner eagerly.
0,The home opened in the kitchen bravely.
1,The window was fixed in the balcony happily.
1,The cup was painted in the kitchen silently.
1,The cupboard was moved in the kitchen calmly.
1,The chair was cleaned in the room curiously.
1,The cupboard stood in the balcony happily.
1,The chair was bought in the wall quickly.
1,The bed stood in the corner calmly.
1,The lamp was cleaned in the shelf gracefully.
1,The cup was moved in the wall bravely.
1,The table was sold in the wall gracefully.
0,The cupboard stood in the shelf quickly.
1,The cupboard was moved in the room sadly.
1,The bed stood in the drawer loudly.
1,The cup was sold in the kitchen bravely.
1,The sofa was moved in the balcony quickly.
0,The table opened in the hall eagerly.
1,The home was used in the drawer curiously.
1,The table was bought in the balcony bravely.
1,The cup closed in the room happily.
1,The bed was used in the balcony calmly.
1,The home was painted in the kitchen loudly.
1,The sofa was cleaned in the hall happily.
1,The lamp was cleaned in the shelf loudly.
1,The door was sold in the shelf sadly.
0,The cupboard closed in the floor curiously.
1,The cup was sold in the drawer eagerly.
0,The cupboard was painted in the shelf loudly.
1,The lamp stood in the room loudly.
1,The lamp was sold in the balcony bravely.
0,The cup closed in the hall bravely.
1,The cupboard was cleaned in the living room happily.
1,The door was cleaned in the wall calmly.
1,The cup was painted in the balcony gracefully.
1,The sofa was moved in the balcony quickly.
1,The door opened in the room curiously.
1,The chair was moved in the wall silently.
0,The table closed in the shelf happily.
1,The table was cleaned in the shelf bravely.
1,The chair was fixed in the living room happily.
1,The home closed in the kitchen curiously.
1,The door was cleaned in the living room silently.
1,The door was cleaned in the hall sadly.
1,The cupboard was bought in the balcony sadly.
1,The home was sold in the living room sadly.
0,The chair was fixed in the shelf quickly.
1,The window closed in the kitchen silently.
1,The lamp was used in the wall bravely.
1,The lamp was painted in the wall eagerly.
1,The window was sold in the corner silently.
0,The home closed in the floor loudly.
0,The window opened in the kitchen eagerly.
1,The window was cleaned in the corner loudly.
1,The bed opened in the corner happily.
1,The chair was sold in the room bravely.
1,The table was cleaned in the balcony sadly.
1,The window was moved in the room calmly.
1,The cupboard was sold in the wall sadly.
1,The sofa stood in the room happily.
1,The table was cleaned in the balcony quickly.
0,The cupboard opened in the balcony curiously.
1,The sofa was used in the balcony silently.
1,The bed was bought in the kitchen silently.
1,The window was moved in the living room loudly.
1,The home was fixed in the balcony bravely.
1,The sofa was used in the corner quickly.
0,The cupboard opened in the hall eagerly.
1,The bed was painted in the room eagerly.
1,The table was moved in the wall calmly.
0,The chair stood in the hall happily.
1,The lamp was used in the living room curiously.
1,The chair stood in the balcony gracefully.
1,The window was moved in the kitchen silently.
1,The chair was sold in the living room quickly.
0,The door closed in the balcony gracefully.
1,The home was used in the drawer curiously.
1,The bed was bought in the living room gracefully.
0,The door was fixed in the shelf curiously.
1,The home was fixed in the room calmly.
1,The home opened in the living room happily.
1,The cupboard closed in the drawer silently.
1,The window was painted in the drawer quickly.
1,The bed was bought in the balcony bravely.
1,The table was sold in the drawer quickly.
1,The table opened in the drawer silently.
1,The bed closed in the kitchen bravely.
1,The window was painted in the kitchen loudly.
1,The bed was fixed in the hall happily.
1,The chair was fixed in the floor happily.
1,The cupboard stood in the wall quickly.
1,The door was bought in the living room gracefully.
0,The chair closed in the drawer curiously.
1,The home was used in the hall curiously.
1,The bed was fixed in the hall loudly.
0,The table was painted in the shelf eagerly.
1,The chair opened in the room quickly.
1,The chair was cleaned in the hall calmly.
1,The chair closed in the floor silently.
1,The lamp closed in the living room bravely.
1,The home was fixed in the living room eagerly.
0,The chair closed in the kitchen loudly.
0,The lamp opened in the living room loudly.
1,The cupboard was cleaned in the corner silently.
1,The cup was bought in the room happily.
1,The cup was cleaned in the balcony quickly.
1,The table was sold in the kitchen loudly.
0,The door opened in the corner calmly.
1,The cup was bought in the kitchen happily.
1,The cup was bought in the kitchen gracefully.
0,The cupboard opened in the wall eagerly.
1,The table was bought in the corner quickly.
1,The bed stood in the wall curiously.
1,The window was cleaned in the balcony happily.
1,The home was bought in the balcony eagerly.
1,The home was used in the floor sadly.
1,The window stood in the floor silently.
1,The home was sold in the kitchen loudly.
1,The sofa was cleaned in the hall bravely.
1,The sofa was moved in the wall bravely.
1,The chair was bought in the room silently.
1,The sofa was used in the wall calmly.
0,The table opened in the corner curiously.
1,The bed was painted in the wall loudly.
1,The sofa was cleaned in the drawer eagerly.
1,The cupboard was bought in the room silently.
1,The bed was moved in the corner curiously.
1,The cup was bought in the living room silently.
1,The window was sold in the room quickly.
0,The cupboard opened in the drawer sadly.
1,The cupboard was bought in the room happily.
1,The window was fixed in the shelf silently.
1,The lamp was cleaned in the corner eagerly.
1,The cup opened in the room happily.
1,The door was used in the living room gracefully.
1,The lamp was used in the balcony eagerly.
1,The lamp stood in the living room curiously.
1,The chair closed in the living room eagerly.
1,The door was sold in the hall gracefully.
1,The window was bought in the living room happily.
0,The cup stood in the wall happily.
1,The door was moved in the kitchen loudly.
1,The door was fixed in the living room happily.
1,The table was fixed in the living room eagerly.
1,The chair was sold in the living room curiously.
1,The table was painted in the room calmly.
1,The cupboard was painted in the drawer sadly.
1,The window was moved in the corner happily.
1,The window was moved in the drawer sadly.
1,The bed stood in the living room silently.
1,The cup was fixed in the balcony happily.
1,The chair stood in the wall curiously.
1,The table was fixed in the kitchen quickly.
1,The table was cleaned in the balcony sadly.
0,The table was painted in the floor curiously.
1,The sofa was used in the hall loudly.
1,The chair was sold in the floor bravely.
1,The window was moved in the drawer silently.
1,The window was moved in the shelf bravely.
1,The home was moved in the room gracefully.
1,The cupboard was moved in the balcony gracefully.
1,The door was cleaned in the balcony loudly.
1,The lamp closed in the room loudly.
1,The door was cleaned in the hall curiously.
1,The door was sold in the wall loudly.
1,The home was fixed in the shelf curiously.
1,The table stood in the floor silently.
1,The lamp was cleaned in the room happily.
1,The bed was painted in the room curiously.
1,The cupboard was moved in the room bravely.
0,The sofa opened in the corner eagerly.
1,The cupboard was bought in the hall curiously.
1,The window was fixed in the drawer loudly.
1,The table was bought in the balcony bravely.
1,The chair was moved in the shelf eagerly.
1,The table was sold in the balcony bravely.
1,The table was painted in the kitchen curiously.
0,The cup was bought in the shelf gracefully.
1,The window opened in the wall gracefully.
1,The lamp was bought in the floor calmly.
1,The cupboard was cleaned in the room bravely.
1,The bed was used in the balcony loudly.
1,The chair was fixed in the shelf calmly.
1,The cup was used in the corner calmly.
1,The window was cleaned in the drawer happily.
1,The bed opened in the kitchen calmly.
1,The lamp was sold in the corner calmly.
1,The cup was moved in the kitchen curiously.
1,The window was painted in the room happily.
1,The lamp was bought in the wall sadly.
0,The door stood in the corner calmly.
1,The lamp closed in the wall calmly.
1,The table was used in the drawer curiously.
1,The cupboard was moved in the corner happily.
1,The home was bought in the drawer loudly.
1,The cupboard was used in the living room loudly.
1,The home was painted in the corner curiously.
1,The sofa was painted in the hall silently.
1,The lamp was fixed in the balcony loudly.
1,The chair was sold in the shelf happily.
1,The chair was fixed in the living room happily.
0,The cup was bought in the shelf loudly.
0,The chair was bought in the shelf eagerly.
1,The table was sold in the room silently.
0,The sofa opened in the drawer calmly.
0,The cup closed in the shelf loudly.
1,The home stood in the kitchen curiously.
1,The cup closed in the balcony silently.
1,The lamp was used in the balcony bravely.
1,The home was fixed in the living room gracefully.
1,The home was used in the room calmly.
0,The cupboard closed in the hall eagerly.
1,The lamp was painted in the kitchen silently.
1,The bed stood in the floor silently.
1,The sofa was bought in the room loudly.
1,The door was moved in the living room curiously.
1,The table was fixed in the balcony silently.
1,The bed stood in the room eagerly.
0,The cup opened in the hall calmly.
1,The lamp opened in the balcony calmly.
1,The home was fixed in the balcony quickly.
1,The window was sold in the corner eagerly.
1,The table was cleaned in the kitchen happily.
1,The window was painted in the floor silently.
1,The home was bought in the drawer quickly.
